0000001841;scans;0000000046;DataLength
"header";0000000028;"lines"
"Date";2021-01-25;"Time";18:52:56
"ID";"HAL RC PIC-RGA 301 #15598";"Version";3
"Scans";2
"Scan ID";"Mode";"Input";"Scanned";"Start";"Stop";"Increment";"Dwell";"Settle";"RS";"RelSEM"
"Scan 1";"RGA";"SEM";"mass";284,00;284,00;0,01;200,000;100,000%;1,000000;1,000000;
"Scan 2";"RGA";"Temperature";"none";284,00;284,00;0,01;100,000%;100,000%;1,000000;1,000000;
"Environment";
"Global";"RGA"
"CRV_range";7;"c/s"
"CRV_resolution";6;"bits"
"F1";1;"( 1 = on, 0 = off )"
"F2";0;"( 1 = on, 0 = off )"
"cage";3,0;"V"
"delta-m";0;"%"
"discriminator";-10;"%"
"electron-energy";38,0;"V"
"emission";700,000;"uA"
"focus";-90;"V"
"gate_delay";0,1;"uS"
"gate_width";0,0;"uS"
"gating";0;"( 1 = on, 0 = off )"
"gating_invert";0;"( 0 = high/rise, 1 = low/fall)"
"mass";5,50;"amu"
"mode-change-delay";1000;"ms"
"multiplier";1800;"V"
"resolution";-100;"%"
"Data";2
"Time";"ms";"DHTA+";"Temperatura";
00:00:01;      1361;          0;   100,5511;
00:00:01;      1694;          0;   100,4228;
00:00:02;      2027;          0;   100,2946;
00:00:02;      2360;          0;   100,2946;
00:00:02;      2693;          0;   101,1923;
00:00:03;      3027;          0;   102,6672;
00:00:03;      3360;          0;   103,6932;
00:00:03;      3693;          0;   105,1681;
00:00:04;      4027;          0;   106,0658;
00:00:04;      4360;          0;   106,5788;
00:00:04;      4693;          0;   786,9425;
00:00:05;      5027;          0;   782,2614;
00:00:05;      5360;          0;   272,6619;
00:00:05;      5693;          0;   147,8110;
00:00:06;      6027;          0;   117,0953;
00:00:06;      6360;          0;   109,5285;
00:00:06;      6693;          0;   108,1819;
00:00:07;      7027;          0;   107,6689;
00:00:07;      7360;          0;   107,3483;
00:00:07;      7693;          0;   107,6689;
00:00:08;      8027;          0;   107,3483;
00:00:08;      8360;          0;   107,2842;
00:00:08;      8693;          0;   107,7331;
00:00:09;      9027;          0;   107,6048;
00:00:09;      9360;          0;   107,4124;
00:00:09;      9693;          0;   106,6429;
00:00:10;     10027;          0;   106,8353;
00:00:10;     10360;          0;   107,7972;
00:00:10;     10693;          0;   107,5407;
00:00:11;     11027;          0;   107,4124;
00:00:11;     11360;          0;   107,1559;
00:00:11;     11693;          0;   107,7331;
00:00:12;     12027;          0;   108,1178;
00:00:12;     12360;          0;   107,6689;
00:00:12;     12693;          0;   107,6689;
00:00:13;     13027;          0;   107,9896;
00:00:13;     13360;          0;   108,3102;
00:00:13;     13693;          0;   108,0537;
00:00:14;     14027;          0;   108,0537;
00:00:14;     14360;          0;   107,9896;
00:00:14;     14693;          0;   108,5667;
00:00:15;     15027;          0;   109,0797;
00:00:15;     15360;          0;   109,2720;
00:00:15;     15693;          0;   109,9774;
00:00:16;     16027;          0;   109,9133;
00:00:16;     16360;          0;   110,0415;
00:00:16;     16693;          0;   109,7850;
00:00:17;     17027;          0;   109,7850;
00:00:17;     17360;          0;   109,0155;
00:00:17;     17693;          0;   108,1819;
00:00:18;     18027;          0;   107,7972;
00:00:18;     18360;          0;   107,6048;
00:00:18;     18693;          0;   844,2060;
00:00:19;     19027;          0;  1181,3098;
00:00:19;     19360;          0;  1266,2751;
00:00:19;     19693;          0;  1288,2058;
00:00:20;     20027;          0;  1294,2977;
00:00:20;     20360;          0;  1295,9007;
00:00:20;     20693;          0;  1296,7986;
00:00:21;     21027;          0;  1296,9909;
00:00:21;     21360;          0;  1297,1191;
00:00:21;     21693;          0;   515,6306;
00:00:22;     22027;          0;   215,0138;
00:00:22;     22360;          0;   138,5129;
00:00:22;     22693;          0;   119,5320;
00:00:23;     23027;          0;   114,4662;
00:00:23;     23360;          0;   112,5424;
00:00:23;     23693;          0;   112,5424;
00:00:24;     24027;          0;   112,5424;
00:00:24;     24360;          0;   113,1837;
00:00:24;     24693;          0;   114,0173;
00:00:25;     25027;          0;   114,5944;
00:00:25;     25360;          0;   114,8509;
00:00:25;     25693;          0;   115,2998;
00:00:26;     26027;          0;   115,8128;
00:00:26;     26360;          0;   116,7105;
00:00:26;     26693;          0;   117,5441;
00:00:27;     27027;          0;   117,9289;
00:00:27;     27360;          0;   117,9930;
00:00:27;     27693;          0;   117,9289;
00:00:28;     28027;          0;   117,9930;
00:00:28;     28360;          0;   118,2495;
00:00:28;     28693;          0;   826,3151;
00:00:29;     29027;          0;  1176,8852;
00:00:29;     29360;          0;   818,3637;
00:00:29;     29693;          0;   292,7330;
00:00:30;     30027;          0;   163,0727;
00:00:30;     30360;          0;   131,7157;
00:00:30;     30693;          0;   124,5337;
00:00:31;     31027;          0;   123,0589;
00:00:31;     31360;          0;   122,8665;
00:00:31;     31693;          0;   122,4817;
00:00:32;     32027;          0;   122,8665;
00:00:32;     32360;          0;   123,2512;
00:00:32;     32693;          0;   122,9947;
00:00:33;     33027;          0;   123,1230;
00:00:33;     33360;          0;   910,6392;
00:00:33;     33693;          0;  1197,8540;
00:00:34;     34027;          0;  1052,6755;
00:00:34;     34360;          0;   351,6637;
00:00:34;     34693;          0;   180,9635;
00:00:35;     35027;          0;   138,8336;
00:00:35;     35360;          0;   129,2790;
00:00:35;     35693;          0;   127,4194;
00:00:36;     36027;          0;   127,7400;
00:00:36;     36360;          0;   127,6117;
00:00:36;     36693;          0;   127,9965;
00:00:37;     37027;          0;   128,1889;
00:00:37;     37360;          0;   128,3171;
00:00:37;     37693;          0;   128,3812;
00:00:38;     38027;          0;   128,5736;
00:00:38;     38360;          0;   129,1507;
00:00:38;     38693;          0;   129,4713;
00:00:39;     39027;          0;   130,1126;
00:00:39;     39360;          0;   130,7538;
00:00:39;     39693;          0;   131,1386;
00:00:40;     40027;          0;   131,3951;
00:00:40;     40360;          5;   131,7798;
00:00:40;     40693;          0;   131,9722;
00:00:41;     41027;          0;   132,0363;
00:00:41;     41360;          0;   132,5493;
00:00:41;     41693;          0;   132,8058;
00:00:42;     42027;          0;   132,9982;
00:00:42;     42360;          0;   133,2547;
00:00:42;     42693;          0;   133,6394;
00:00:43;     43027;          5;   133,7036;
00:00:43;     43360;          0;   134,2807;
00:00:43;     43693;          0;   134,6655;
00:00:44;     44027;          0;   135,1785;
00:00:44;     44360;          0;   135,6915;
00:00:44;     44693;          0;   136,0762;
00:00:45;     45027;          5;   136,7816;
00:00:45;     45360;          0;   136,5892;
00:00:45;     45693;          0;   136,9739;
00:00:46;     46027;          0;   136,9739;
00:00:46;     46360;          0;   137,4228;
00:00:46;     46693;          5;   137,4228;
00:00:47;     47027;          0;   138,0641;
00:00:47;     47360;          0;   138,4488;
00:00:47;     47693;          0;   138,8977;
00:00:48;     48027;          0;   139,1542;
00:00:48;     48360;          5;   139,7954;
00:00:48;     48693;          0;   140,3726;
00:00:49;     49027;          0;   140,6291;
00:00:49;     49360;          0;   141,0779;
00:00:49;     49693;          0;   141,1421;
00:00:50;     50027;          0;   141,5909;
00:00:50;     50360;          0;   141,5909;
00:00:50;     50693;          0;   141,6551;
00:00:51;     51027;          0;   142,2963;
00:00:51;     51360;          0;   142,8093;
00:00:51;     51693;          0;   143,0658;
00:00:52;     52027;          0;   143,4505;
00:00:52;     52360;          0;   143,7070;
00:00:52;     52693;          0;   143,9635;
00:00:53;     53027;          0;   144,2200;
00:00:53;     53360;          0;   144,6689;
00:00:53;     53693;          5;   145,2460;
00:00:54;     54027;          5;   145,3743;
00:00:54;     54360;          5;   145,4384;
00:00:54;     54693;          0;   145,6949;
00:00:55;     55027;          0;   146,0155;
00:00:55;     55360;          0;   146,1438;
00:00:55;     55693;          0;   146,8492;
00:00:56;     56027;          5;   146,7209;
00:00:56;     56360;          0;   146,9133;
00:00:56;     56693;          0;   147,4263;
00:00:57;     57027;          5;   147,8752;
00:00:57;     57360;          5;   148,0675;
00:00:57;     57693;          0;   148,4523;
00:00:58;     58027;          5;   148,6447;
00:00:58;     58360;          0;   149,0935;
00:00:58;     58693;          0;   149,4783;
00:00:59;     59027;          0;   150,1836;
00:00:59;     59360;          0;   150,6966;
00:00:59;     59693;          0;   150,6966;
00:01:00;     60027;          5;   150,6966;
00:01:00;     60360;          5;   151,1455;
00:01:00;     60693;          0;   151,6585;
00:01:01;     61027;          0;   152,1074;
00:01:01;     61360;          0;   152,3639;
00:01:01;     61693;         10;   152,6845;
00:01:02;     62027;          0;   153,0051;
00:01:02;     62360;          0;   153,7105;
00:01:02;     62693;          0;   154,0311;
00:01:03;     63027;          0;   154,1594;
00:01:03;     63360;          0;   154,4159;
00:01:03;     63693;          0;   154,9289;
00:01:04;     64027;          0;   155,4419;
00:01:04;     64360;          0;   155,8907;
00:01:04;     64693;          0;   156,3396;
00:01:05;     65027;          0;   156,5320;
00:01:05;     65360;          0;   156,6602;
00:01:05;     65693;          0;   156,8526;
00:01:06;     66027;          0;   157,4297;
00:01:06;     66360;          0;   157,6221;
00:01:06;     66693;          0;   158,0069;
00:01:07;     67027;          0;   158,1992;
00:01:07;     67360;          5;   158,7122;
00:01:07;     67693;          0;   159,0970;
00:01:08;     68027;          0;   159,2252;
00:01:08;     68360;          0;   159,4817;
00:01:08;     68693;          0;   159,9306;
00:01:09;     69027;          0;   160,2512;
00:01:09;     69360;          0;   160,7001;
00:01:09;     69693;          0;   160,9566;
00:01:10;     70027;          0;   161,2131;
00:01:10;     70360;          0;   161,7902;
00:01:10;     70693;          0;   161,9185;
00:01:11;     71027;          5;   162,1750;
00:01:11;     71360;          0;   162,3032;
00:01:11;     71693;          0;   162,6880;
00:01:12;     72027;          0;   162,8804;
00:01:12;     72360;          0;   163,7140;
00:01:12;     72693;          0;   163,9063;
00:01:13;     73027;          0;   164,4835;
00:01:13;     73360;          0;   164,8041;
00:01:13;     73693;          0;   165,0606;
00:01:14;     74027;          0;   165,3171;
00:01:14;     74360;          5;   165,9583;
00:01:14;     74693;          5;   166,5355;
00:01:15;     75027;          0;   167,1126;
00:01:15;     75360;          0;   167,3050;
00:01:15;     75693;          0;   167,8821;
00:01:16;     76027;          0;   168,0103;
00:01:16;     76360;          0;   168,2027;
00:01:16;     76693;          0;   168,3309;
00:01:17;     77027;          0;   168,5233;
00:01:17;     77360;          5;   168,9081;
00:01:17;     77693;          0;   169,2928;
00:01:18;     78027;          0;   169,6134;
00:01:18;     78360;          5;   169,8699;
00:01:18;     78693;          0;   170,0623;
00:01:19;     79027;          0;   170,1264;
00:01:19;     79360;          0;   170,5753;
00:01:19;     79693;          5;   170,8318;
00:01:20;     80027;          5;   171,0883;
00:01:20;     80360;          0;   171,7937;
00:01:20;     80693;          0;   171,9219;
00:01:21;     81027;         10;   172,4991;
00:01:21;     81360;          0;   172,4349;
00:01:21;     81693;          0;   172,8838;
00:01:22;     82027;          5;   173,3327;
00:01:22;     82360;          5;   173,5892;
00:01:22;     82693;          5;   174,1022;
00:01:23;     83027;          0;   174,2946;
00:01:23;     83360;          0;   174,9358;
00:01:23;     83693;          0;   175,1282;
00:01:24;     84027;          0;   175,7053;
00:01:24;     84360;          0;   175,9618;
00:01:24;     84693;          0;   176,4748;
00:01:25;     85027;          5;   176,8595;
00:01:25;     85360;          0;   176,8595;
00:01:25;     85693;          0;   177,3725;
00:01:26;     86027;          0;   177,8214;
00:01:26;     86360;          5;   178,2703;
00:01:26;     86693;          5;   178,1420;
00:01:27;     87027;          5;   178,7192;
00:01:27;     87360;          5;   179,1039;
00:01:27;     87693;          0;   179,4887;
00:01:28;     88027;          0;   179,9375;
00:01:28;     88360;          5;   180,3223;
00:01:28;     88693;          0;   180,5788;
00:01:29;     89027;          0;   180,7712;
00:01:29;     89360;          0;   181,1559;
00:01:29;     89693;          0;   181,4765;
00:01:30;     90027;          0;   181,6689;
00:01:30;     90360;          0;   182,2460;
00:01:30;     90693;          0;   182,5025;
00:01:31;     91027;          0;   182,7590;
00:01:31;     91360;          0;   183,0155;
00:01:31;     91693;          0;   183,4644;
00:01:32;     92027;          0;   183,5285;
00:01:32;     92360;          5;   183,7209;
00:01:32;     92693;          0;   184,1057;
00:01:33;     93027;          0;   184,4904;
00:01:33;     93360;          0;   185,0034;
00:01:33;     93693;          0;   185,5805;
00:01:34;     94027;          0;   185,6446;
00:01:34;     94360;          0;   186,0935;
00:01:34;     94693;          0;   186,2218;
00:01:35;     95027;          0;   186,5424;
00:01:35;     95360;          0;   186,7989;
00:01:35;     95693;          0;   186,8630;
00:01:36;     96027;          0;   187,2478;
00:01:36;     96360;          0;   187,8890;
00:01:36;     96693;          0;   187,9531;
00:01:37;     97027;          0;   188,2738;
00:01:37;     97360;          0;   188,5944;
00:01:37;     97693;          5;   189,0433;
00:01:38;     98027;          0;   189,4921;
00:01:38;     98360;          0;   189,7486;
00:01:38;     98693;          5;   190,1334;
00:01:39;     99027;          0;   190,5181;
00:01:39;     99360;          0;   190,8387;
00:01:39;     99693;          5;   191,1594;
00:01:40;    100027;          0;   191,5441;
00:01:40;    100360;          0;   191,6082;
00:01:40;    100693;          0;   192,3136;
00:01:41;    101027;          5;   192,6984;
00:01:41;    101360;          0;   192,9549;
00:01:41;    101693;          0;   193,3396;
00:01:42;    102027;          0;   193,3396;
00:01:42;    102360;          0;   193,6602;
00:01:42;    102693;          0;   194,1732;
00:01:43;    103027;         10;   194,7503;
00:01:43;    103360;          0;   195,0069;
00:01:43;    103693;         10;   195,4557;
00:01:44;    104027;          0;   195,5840;
00:01:44;    104360;          0;   196,0970;
00:01:44;    104693;          0;   196,4176;
00:01:45;    105027;          5;   196,6100;
00:01:45;    105360;          0;   196,8665;
00:01:45;    105693;          0;   197,2512;
00:01:46;    106027;          0;   197,5077;
00:01:46;    106360;          0;   197,9566;
00:01:46;    106693;          5;   198,2772;
00:01:47;    107027;          5;   198,6620;
00:01:47;    107360;          0;   199,0467;
00:01:47;    107693;          5;   199,4315;
00:01:48;    108027;          0;   199,6238;
00:01:48;    108360;          0;   200,0086;
00:01:48;    108693;          0;   200,4575;
00:01:49;    109027;          0;   200,5216;
00:01:49;    109360;          5;   201,2270;
00:01:49;    109693;          5;   201,5476;
00:01:50;    110027;          0;   201,8682;
00:01:50;    110360;          5;   202,3812;
00:01:50;    110693;          0;   202,5094;
00:01:51;    111027;          0;   202,7659;
00:01:51;    111360;          0;   203,2148;
00:01:51;    111693;          0;   203,5354;
00:01:52;    112027;          5;   203,6637;
00:01:52;    112360;          0;   203,9843;
00:01:52;    112693;          0;   204,4973;
00:01:53;    113027;          5;   204,6897;
00:01:53;    113360;          5;   205,1386;
00:01:53;    113693;         20;   205,2027;
00:01:54;    114027;          5;   205,3951;
00:01:54;    114360;          0;   205,8439;
00:01:54;    114693;         15;   205,9081;
00:01:55;    115027;          0;   206,4211;
00:01:55;    115360;          0;   207,2547;
00:01:55;    115693;          5;   207,7677;
00:01:56;    116027;          5;   208,0883;
00:01:56;    116360;          0;   208,2807;
00:01:56;    116693;          0;   208,5372;
00:01:57;    117027;          0;   208,8578;
00:01:57;    117360;         15;   209,1143;
00:01:57;    117693;          5;   209,3708;
00:01:58;    118027;          5;   210,0121;
00:01:58;    118360;          0;   210,0762;
00:01:58;    118693;          0;   210,4609;
00:01:59;    119027;          0;   210,9739;
00:01:59;    119360;         10;   211,2945;
00:01:59;    119693;          0;   211,8075;
00:02:00;    120027;          5;   212,1282;
00:02:00;    120360;          0;   212,5770;
00:02:00;    120693;          0;   212,5770;
00:02:01;    121027;          0;   212,8977;
00:02:01;    121360;         10;   213,2824;
00:02:01;    121693;          0;   213,7954;
00:02:02;    122027;         15;   214,1160;
00:02:02;    122360;          5;   214,6290;
00:02:02;    122693;          0;   214,6290;
00:02:03;    123027;          0;   214,9497;
00:02:03;    123360;          0;   215,1420;
00:02:03;    123693;          0;   215,5268;
00:02:04;    124027;          5;   215,9115;
00:02:04;    124360;          5;   216,2963;
00:02:04;    124693;         20;   216,6810;
00:02:05;    125027;          0;   217,1940;
00:02:05;    125360;          5;   217,3223;
00:02:05;    125693;          5;   217,6429;
00:02:06;    126027;          5;   217,8353;
00:02:06;    126360;          0;   218,2842;
00:02:06;    126693;          5;   218,6689;
00:02:07;    127027;         15;   219,1819;
00:02:07;    127360;          5;   219,4384;
00:02:07;    127693;         10;   219,8231;
00:02:08;    128027;          0;   220,0796;
00:02:08;    128360;          0;   220,4644;
00:02:08;    128693;          0;   221,0415;
00:02:09;    129027;         10;   221,3621;
00:02:09;    129360;          5;   221,4904;
00:02:09;    129693;          0;   221,8751;
00:02:10;    130027;          0;   222,2599;
00:02:10;    130360;          5;   222,3881;
00:02:10;    130693;          5;   222,8370;
00:02:11;    131027;          0;   222,9011;
00:02:11;    131360;          0;   223,4782;
00:02:11;    131693;          0;   223,7347;
00:02:12;    132027;         15;   223,9912;
00:02:12;    132360;          0;   224,3119;
00:02:12;    132693;          5;   224,7607;
00:02:13;    133027;          0;   224,8890;
00:02:13;    133360;          0;   225,5302;
00:02:13;    133693;          0;   225,9150;
00:02:14;    134027;         10;   226,3639;
00:02:14;    134360;          5;   226,4280;
00:02:14;    134693;          5;   226,8769;
00:02:15;    135027;          5;   227,0692;
00:02:15;    135360;          5;   227,4540;
00:02:15;    135693;          0;   227,7746;
00:02:16;    136027;          5;   228,2876;
00:02:16;    136360;          0;   228,7365;
00:02:16;    136693;          5;   228,9930;
00:02:17;    137027;          0;   229,3136;
00:02:17;    137360;         10;   229,6984;
00:02:17;    137693;          5;   229,9549;
00:02:18;    138027;          0;   230,4679;
00:02:18;    138360;          0;   230,7885;
00:02:18;    138693;          0;   231,1091;
00:02:19;    139027;          5;   231,3656;
00:02:19;    139360;          0;   231,9427;
00:02:19;    139693;          5;   232,1351;
00:02:20;    140027;          0;   232,4557;
00:02:20;    140360;          0;   232,9046;
00:02:20;    140693;          5;   233,2252;
00:02:21;    141027;          5;   233,2893;
00:02:21;    141360;         10;   233,8665;
00:02:21;    141693;          5;   234,2512;
00:02:22;    142027;         10;   234,6360;
00:02:22;    142360;          0;   234,8925;
00:02:22;    142693;          0;   235,2772;
00:02:23;    143027;          0;   235,5978;
00:02:23;    143360;         10;   235,7902;
00:02:23;    143693;         10;   236,3673;
00:02:24;    144027;         10;   236,7521;
00:02:24;    144360;          0;   237,0727;
00:02:24;    144693;          5;   237,2651;
00:02:25;    145027;          0;   237,5857;
00:02:25;    145360;          5;   237,9704;
00:02:25;    145693;          5;   238,4834;
00:02:26;    146027;         10;   238,6758;
00:02:26;    146360;         15;   239,1888;
00:02:26;    146693;          0;   239,4453;
00:02:27;    147027;          5;   239,8942;
00:02:27;    147360;         10;   240,0866;
00:02:27;    147693;          5;   240,4713;
00:02:28;    148027;         15;   240,7278;
00:02:28;    148360;          5;   241,3049;
00:02:28;    148693;          0;   241,5614;
00:02:29;    149027;          5;   241,9462;
00:02:29;    149360;          0;   242,3309;
00:02:29;    149693;         20;   242,6516;
00:02:30;    150027;         10;   242,9081;
00:02:30;    150360;         10;   243,1646;
00:02:30;    150693;          5;   243,4852;
00:02:31;    151027;          0;   243,9341;
00:02:31;    151360;         20;   244,2547;
00:02:31;    151693;         20;   244,5112;
00:02:32;    152027;          0;   244,7035;
00:02:32;    152360;         10;   245,2807;
00:02:32;    152693;         15;   245,6654;
00:02:33;    153027;          5;   246,1784;
00:02:33;    153360;         10;   246,3067;
00:02:33;    153693;         15;   246,5632;
00:02:34;    154027;         15;   247,0120;
00:02:34;    154360;         10;   247,3968;
00:02:34;    154693;         10;   247,5892;
00:02:35;    155027;          5;   247,9098;
00:02:35;    155360;          5;   248,1663;
00:02:35;    155693;         20;   248,5510;
00:02:36;    156027;         10;   248,9358;
00:02:36;    156360;          0;   249,4488;
00:02:36;    156693;         10;   249,5770;
00:02:37;    157027;          5;   249,7694;
00:02:37;    157360;         20;   250,2183;
00:02:37;    157693;         20;   250,7313;
00:02:38;    158027;         15;   251,4366;
00:02:38;    158360;          5;   251,5649;
00:02:38;    158693;         15;   251,7573;
00:02:39;    159027;          5;   252,3344;
00:02:39;    159360;          0;   252,7191;
00:02:39;    159693;          0;   253,1039;
00:02:40;    160027;         10;   253,2963;
00:02:40;    160360;         10;   253,7451;
00:02:40;    160693;          5;   254,1940;
00:02:41;    161027;         10;   254,3223;
00:02:41;    161360;         10;   254,7711;
00:02:41;    161693;          5;   255,0276;
00:02:42;    162027;         15;   255,5406;
00:02:42;    162360;          0;   255,7971;
00:02:42;    162693;         10;   256,3101;
00:02:43;    163027;         20;   256,5666;
00:02:43;    163360;         15;   256,9514;
00:02:43;    163693;          5;   257,3361;
00:02:44;    164027;         20;   257,3361;
00:02:44;    164360;         25;   257,9774;
00:02:44;    164693;         15;   258,1698;
00:02:45;    165027;          5;   258,7469;
00:02:45;    165360;         10;   258,9393;
00:02:45;    165693;         25;   259,3240;
00:02:46;    166027;         10;   259,5164;
00:02:46;    166360;          5;   259,7729;
00:02:46;    166693;         20;   260,2217;
00:02:47;    167027;         20;   260,3500;
00:02:47;    167360;         25;   260,6706;
00:02:47;    167693;          5;   261,5042;
00:02:48;    168027;         25;   262,0813;
00:02:48;    168360;         10;   262,1455;
00:02:48;    168693;         10;   262,5302;
00:02:49;    169027;         30;   262,9791;
00:02:49;    169360;         10;   263,3638;
00:02:49;    169693;         25;   263,8768;
00:02:50;    170027;         15;   264,1333;
00:02:50;    170360;         10;   264,3898;
00:02:50;    170693;         20;   264,9028;
00:02:51;    171027;         35;   265,0952;
00:02:51;    171360;          5;   265,7365;
00:02:51;    171693;         10;   265,8647;
00:02:52;    172027;         15;   266,1212;
00:02:52;    172360;         30;   266,5060;
00:02:52;    172693;         15;   267,0190;
00:02:53;    173027;         15;   267,3396;
00:02:53;    173360;         10;   267,4678;
00:02:53;    173693;         20;   267,7243;
00:02:54;    174027;         40;   268,1091;
00:02:54;    174360;          5;   268,4297;
00:02:54;    174693;         35;   268,8786;
00:02:55;    175027;         10;   269,4557;
00:02:55;    175360;         25;   269,5839;
00:02:55;    175693;         20;   269,9687;
00:02:56;    176027;         20;   270,4176;
00:02:56;    176360;         20;   270,8023;
00:02:56;    176693;         30;   270,9947;
00:02:57;    177027;         15;   271,3794;
00:02:57;    177360;         25;   271,8924;
00:02:57;    177693;         15;   272,2131;
00:02:58;    178027;         25;   272,6619;
00:02:58;    178360;         15;   273,0467;
00:02:58;    178693;         20;   273,4314;
00:02:59;    179027;         20;   273,5597;
00:02:59;    179360;         50;   273,8803;
00:02:59;    179693;         20;   274,3292;
00:03:00;    180027;         15;   274,5216;
00:03:00;    180360;         35;   274,9704;
00:03:00;    180693;         20;   275,4834;
00:03:01;    181027;         35;   275,7399;
00:03:01;    181360;         10;   276,1247;
00:03:01;    181693;         25;   276,3171;
00:03:02;    182027;         10;   276,7659;
00:03:02;    182360;         30;   277,0866;
00:03:02;    182693;         10;   277,7278;
00:03:03;    183027;         20;   277,9202;
00:03:03;    183360;         20;   278,4332;
00:03:03;    183693;         25;   278,7538;
00:03:04;    184027;         10;   278,8179;
00:03:04;    184360;         40;   279,2027;
00:03:04;    184693;         15;   279,7798;
00:03:05;    185027;         25;   280,1004;
00:03:05;    185360;         30;   280,4852;
00:03:05;    185693;         10;   280,6775;
00:03:06;    186027;         45;   280,9340;
00:03:06;    186360;         25;   281,3829;
00:03:06;    186693;         25;   281,6394;
00:03:07;    187027;         15;   282,0242;
00:03:07;    187360;         20;   282,2165;
00:03:07;    187693;         35;   282,6013;
00:03:08;    188027;         35;   282,8578;
00:03:08;    188360;         60;   282,9860;
00:03:08;    188693;         15;   283,3708;
00:03:09;    189027;         40;   283,4349;
00:03:09;    189360;         40;   284,0120;
00:03:09;    189693;         15;   284,4609;
00:03:10;    190027;         20;   284,7174;
00:03:10;    190360;         65;   284,7815;
00:03:10;    190693;         40;   285,2304;
00:03:11;    191027;         40;   285,6151;
00:03:11;    191360;         25;   285,9358;
00:03:11;    191693;         45;   286,2564;
00:03:12;    192027;         55;   286,7694;
00:03:12;    192360;         20;   287,0259;
00:03:12;    192693;         20;   287,5389;
00:03:13;    193027;         35;   287,6030;
00:03:13;    193360;         15;   288,0519;
00:03:13;    193693;         35;   288,3084;
00:03:14;    194027;         45;   288,5649;
00:03:14;    194360;         55;   289,1420;
00:03:14;    194693;         10;   289,2061;
00:03:15;    195027;         30;   289,6550;
00:03:15;    195360;         60;   289,9115;
00:03:15;    195693;         50;   290,3604;
00:03:16;    196027;         15;   290,7451;
00:03:16;    196360;         25;   290,6810;
00:03:16;    196693;         35;   291,1940;
00:03:17;    197027;         40;   291,5146;
00:03:17;    197360;         25;   291,8353;
00:03:17;    197693;         30;   292,2841;
00:03:18;    198027;         45;   292,6689;
00:03:18;    198360;         35;   293,0536;
00:03:18;    198693;         45;   293,1819;
00:03:19;    199027;         40;   293,5666;
00:03:19;    199360;         30;   293,8872;
00:03:19;    199693;         60;   294,2079;
00:03:20;    200027;         30;   294,5926;
00:03:20;    200360;         30;   294,9774;
00:03:20;    200693;         30;   295,3621;
00:03:21;    201027;         50;   295,4903;
00:03:21;    201360;         40;   295,8110;
00:03:21;    201693;         40;   296,1957;
00:03:22;    202027;         55;   296,4522;
00:03:22;    202360;         45;   296,7728;
00:03:22;    202693;         60;   296,9011;
00:03:23;    203027;         30;   297,4782;
00:03:23;    203360;         55;   297,6065;
00:03:23;    203693;         45;   297,7988;
00:03:24;    204027;         45;   298,1836;
00:03:24;    204360;         25;   298,6966;
00:03:24;    204693;         30;   298,6966;
00:03:25;    205027;         40;   299,2096;
00:03:25;    205360;         30;   299,3378;
00:03:25;    205693;         40;   299,8508;
00:03:26;    206027;         25;   300,2356;
00:03:26;    206360;         60;   300,6203;
00:03:26;    206693;         55;   301,0051;
00:03:27;    207027;         35;   301,3257;
00:03:27;    207360;         40;   301,4540;
00:03:27;    207693;         30;   301,9670;
00:03:28;    208027;         20;   302,2235;
00:03:28;    208360;         60;   302,7365;
00:03:28;    208693;         45;   303,2495;
00:03:29;    209027;         15;   303,5059;
00:03:29;    209360;         60;   303,7624;
00:03:29;    209693;         55;   304,2113;
00:03:30;    210027;         40;   304,6602;
00:03:30;    210360;         35;   305,0449;
00:03:30;    210693;         50;   305,3656;
00:03:31;    211027;         65;   305,7503;
00:03:31;    211360;         35;   306,0068;
00:03:31;    211693;         20;   306,1992;
00:03:32;    212027;         45;   306,2633;
00:03:32;    212360;         30;   307,0328;
00:03:32;    212693;         35;   307,2252;
00:03:33;    213027;         30;   307,8023;
00:03:33;    213360;         45;   307,9947;
00:03:33;    213693;         40;   308,1871;
00:03:34;    214027;         35;   308,7001;
00:03:34;    214360;         30;   309,0207;
00:03:34;    214693;         50;   309,2131;
00:03:35;    215027;         40;   309,4696;
00:03:35;    215360;         30;   309,6619;
00:03:35;    215693;         55;   309,9826;
00:03:36;    216027;         45;   310,2391;
00:03:36;    216360;         50;   310,5597;
00:03:36;    216693;         60;   311,1368;
00:03:37;    217027;         45;   311,1368;
00:03:37;    217360;         45;   311,6498;
00:03:37;    217693;         40;   311,7139;
00:03:38;    218027;         30;   312,1628;
00:03:38;    218360;         65;   312,4193;
00:03:38;    218693;         65;   312,8040;
00:03:39;    219027;         50;   313,1888;
00:03:39;    219360;         50;   313,3170;
00:03:39;    219693;         35;   313,7659;
00:03:40;    220027;         40;   313,8300;
00:03:40;    220360;         35;   314,1507;
00:03:40;    220693;         10;   314,5354;
00:03:41;    221027;         50;   315,1767;
00:03:41;    221360;         40;   315,5614;
00:03:41;    221693;         25;   315,7538;
00:03:42;    222027;         45;   316,0103;
00:03:42;    222360;         50;   316,3950;
00:03:42;    222693;         35;   316,5874;
00:03:43;    223027;         30;   316,9722;
00:03:43;    223360;         25;   317,4852;
00:03:43;    223693;         40;   317,3569;
00:03:44;    224027;         35;   317,8058;
00:03:44;    224360;         65;   318,3188;
00:03:44;    224693;         40;   318,5753;
00:03:45;    225027;         60;   318,8959;
00:03:45;    225360;         55;   319,2807;
00:03:45;    225693;         40;   319,4730;
00:03:46;    226027;         30;   319,7936;
00:03:46;    226360;         55;   320,1784;
00:03:46;    226693;          0;   320,4349;
00:03:47;    227027;         30;   320,8838;
00:03:47;    227360;         45;   321,1403;
00:03:47;    227693;         75;   321,3326;
00:03:48;    228027;         65;   321,7174;
00:03:48;    228360;         45;   322,1021;
00:03:48;    228693;         45;   322,5510;
00:03:49;    229027;         55;   322,9357;
00:03:49;    229360;         70;   323,3205;
00:03:49;    229693;         80;   323,8976;
00:03:50;    230027;         25;   324,1541;
00:03:50;    230360;         40;   324,3465;
00:03:50;    230693;         55;   324,8595;
00:03:51;    231027;         45;   325,1801;
00:03:51;    231360;         70;   325,1801;
00:03:51;    231693;         25;   325,4366;
00:03:52;    232027;         30;   325,7573;
00:03:52;    232360;         45;   326,2703;
00:03:52;    232693;         20;   326,5909;
00:03:53;    233027;         60;   326,5909;
00:03:53;    233360;         30;   327,1039;
00:03:53;    233693;         40;   327,4886;
00:03:54;    234027;         40;   327,5528;
00:03:54;    234360;         20;   327,9375;
00:03:54;    234693;         45;   328,3222;
00:03:55;    235027;         35;   328,5146;
00:03:55;    235360;         60;   329,1559;
00:03:55;    235693;         15;   329,2841;
00:03:56;    236027;         20;   329,4765;
00:03:56;    236360;         25;   330,0536;
00:03:56;    236693;         40;   330,3101;
00:03:57;    237027;         55;   330,6948;
00:03:57;    237360;         45;   331,0796;
00:03:57;    237693;         30;   331,3361;
00:03:58;    238027;         20;   331,5285;
00:03:58;    238360;         15;   331,7850;
00:03:58;    238693;         35;   332,2980;
00:03:59;    239027;         35;   332,4903;
00:03:59;    239360;         50;   332,6827;
00:03:59;    239693;         45;   332,9392;
00:04:00;    240027;         40;   333,5163;
00:04:00;    240360;         75;   333,9652;
00:04:00;    240693;         10;   334,1576;
00:04:01;    241027;         30;   334,5423;
00:04:01;    241360;         35;   334,9271;
00:04:01;    241693;         35;   335,2477;
00:04:02;    242027;         40;   335,5683;
00:04:02;    242360;         30;   336,0172;
00:04:02;    242693;         15;   336,2096;
00:04:03;    243027;         25;   336,6585;
00:04:03;    243360;         30;   337,2356;
00:04:03;    243693;         50;   337,3638;
00:04:04;    244027;         35;   337,9409;
00:04:04;    244360;         20;   338,1333;
00:04:04;    244693;         55;   338,3898;
00:04:05;    245027;         45;   338,8387;
00:04:05;    245360;         25;   339,0311;
00:04:05;    245693;         20;   339,3517;
00:04:06;    246027;         15;   339,4158;
00:04:06;    246360;         30;   339,8006;
00:04:06;    246693;         45;   340,0571;
00:04:07;    247027;         35;   340,5059;
00:04:07;    247360;         45;   340,8266;
00:04:07;    247693;         20;   341,0831;
00:04:08;    248027;         20;   341,4037;
00:04:08;    248360;         40;   341,7884;
00:04:08;    248693;         30;   342,1732;
00:04:09;    249027;         25;   342,4938;
00:04:09;    249360;         20;   342,8786;
00:04:09;    249693;         30;   343,0709;
00:04:10;    250027;         25;   343,5198;
00:04:10;    250360;         55;   343,8404;
00:04:10;    250693;         30;   344,2893;
00:04:11;    251027;         50;   344,4817;
00:04:11;    251360;         20;   344,9306;
00:04:11;    251693;         20;   345,1871;
00:04:12;    252027;         35;   345,3153;
00:04:12;    252360;         40;   345,5718;
00:04:12;    252693;         10;   346,2772;
00:04:13;    253027;         15;   346,4054;
00:04:13;    253360;         30;   346,7902;
00:04:13;    253693;         30;   347,0467;
00:04:14;    254027;          5;   347,3673;
00:04:14;    254360;         15;   347,8161;
00:04:14;    254693;         30;   348,0085;
00:04:15;    255027;         35;   348,3933;
00:04:15;    255360;         45;   348,9704;
00:04:15;    255693;         40;   349,2269;
00:04:16;    256027;         25;   349,3552;
00:04:16;    256360;         30;   349,9323;
00:04:16;    256693;         25;   350,1888;
00:04:17;    257027;          0;   350,3812;
00:04:17;    257360;         10;   350,5735;
00:04:17;    257693;         10;   351,0865;
00:04:18;    258027;         40;   351,2148;
00:04:18;    258360;         35;   351,5354;
00:04:18;    258693;         30;   351,7919;
00:04:19;    259027;         20;   352,3690;
00:04:19;    259360;         25;   352,6255;
00:04:19;    259693;         10;   352,8179;
00:04:20;    260027;         25;   353,3309;
00:04:20;    260360;         50;   353,7157;
00:04:20;    260693;         20;   354,1004;
00:04:21;    261027;          5;   354,4210;
00:04:21;    261360;         15;   354,4210;
00:04:21;    261693;          0;   354,9340;
00:04:22;    262027;         20;   355,3188;
00:04:22;    262360;         10;   355,8317;
00:04:22;    262693;         25;   356,0241;
00:04:23;    263027;         15;   356,2165;
00:04:23;    263360;         15;   356,6654;
00:04:23;    263693;         15;   356,9219;
00:04:24;    264027;         20;   357,2425;
00:04:24;    264360;          5;   357,3707;
00:04:24;    264693;          5;   357,8196;
00:04:25;    265027;          5;   358,0761;
00:04:25;    265360;         30;   358,4609;
00:04:25;    265693;         20;   358,7815;
00:04:26;    266027;         15;   359,1662;
00:04:26;    266360;         15;   359,4869;
00:04:26;    266693;          0;   359,9357;
00:04:27;    267027;          5;   360,1922;
00:04:27;    267360;         10;   360,4487;
00:04:27;    267693;         20;   360,8976;
00:04:28;    268027;         15;   361,1541;
00:04:28;    268360;         10;   361,2824;
00:04:28;    268693;         15;   361,6030;
00:04:29;    269027;         15;   362,1160;
00:04:29;    269360;          0;   362,5649;
00:04:29;    269693;          0;   363,0137;
00:04:30;    270027;         15;   363,2061;
00:04:30;    270360;         15;   363,4626;
00:04:30;    270693;          5;   363,9115;
00:04:31;    271027;         15;   364,1680;
00:04:31;    271360;          5;   364,4886;
00:04:31;    271693;          5;   364,8733;
00:04:32;    272027;         10;   365,2581;
00:04:32;    272360;          0;   365,7070;
00:04:32;    272693;         10;   365,8993;
00:04:33;    273027;          5;   366,2841;
00:04:33;    273360;         10;   366,6688;
00:04:33;    273693;         10;   366,8612;
00:04:34;    274027;         20;   366,9895;
00:04:34;    274360;         10;   367,3101;
00:04:34;    274693;          5;   367,6948;
00:04:35;    275027;          5;   367,8231;
00:04:35;    275360;         10;   368,0796;
00:04:35;    275693;         10;   368,2720;
00:04:36;    276027;          5;   368,9132;
00:04:36;    276360;          5;   369,2980;
00:04:36;    276693;         20;   369,5545;
00:04:37;    277027;          5;   370,1316;
00:04:37;    277360;          0;   370,3240;
00:04:37;    277693;         15;   370,7087;
00:04:38;    278027;         15;   371,0935;
00:04:38;    278360;          5;   371,3500;
00:04:38;    278693;          5;   371,6065;
00:04:39;    279027;          0;   371,9271;
00:04:39;    279360;         15;   372,3759;
00:04:39;    279693;          0;   372,7607;
00:04:40;    280027;          5;   373,1454;
00:04:40;    280360;          5;   373,4661;
00:04:40;    280693;          5;   373,7226;
00:04:41;    281027;         20;   373,8508;
00:04:41;    281360;          5;   374,2356;
00:04:41;    281693;          0;   374,6203;
00:04:42;    282027;          0;   375,1974;
00:04:42;    282360;          5;   375,4539;
00:04:42;    282693;          0;   375,6463;
00:04:43;    283027;          5;   376,3517;
00:04:43;    283360;          0;   376,4799;
00:04:43;    283693;          5;   376,8647;
00:04:44;    284027;          5;   377,2494;
00:04:44;    284360;          5;   377,2494;
00:04:44;    284693;          0;   377,6342;
00:04:45;    285027;          5;   378,0189;
00:04:45;    285360;          0;   378,2754;
00:04:45;    285693;          5;   378,5319;
00:04:46;    286027;         20;   378,8526;
00:04:46;    286360;          5;   379,1091;
00:04:46;    286693;          0;   379,6221;
00:04:47;    287027;          0;   379,8786;
00:04:47;    287360;          0;   380,3274;
00:04:47;    287693;          5;   380,7122;
00:04:48;    288027;          0;   380,9045;
00:04:48;    288360;          0;   381,2893;
00:04:48;    288693;          5;   381,6740;
00:04:49;    289027;         10;   381,9946;
00:04:49;    289360;         10;   382,2511;
00:04:49;    289693;          0;   382,5718;
00:04:50;    290027;          5;   382,9565;
00:04:50;    290360;          0;   383,1489;
00:04:50;    290693;          0;   383,6619;
00:04:51;    291027;          5;   383,9184;
00:04:51;    291360;          0;   383,9825;
00:04:51;    291693;          5;   384,4955;
00:04:52;    292027;          5;   384,8803;
00:04:52;    292360;          5;   385,3291;
00:04:52;    292693;          0;   385,5215;
00:04:53;    293027;          5;   385,9063;
00:04:53;    293360;          0;   386,2269;
00:04:53;    293693;          5;   386,6117;
00:04:54;    294027;          5;   386,8040;
00:04:54;    294360;          0;   387,2529;
00:04:54;    294693;          5;   387,7018;
00:04:55;    295027;          0;   387,8300;
00:04:55;    295360;          0;   388,0224;
00:04:55;    295693;          0;   388,2789;
00:04:56;    296027;          0;   388,6636;
00:04:56;    296360;          0;   389,1125;
00:04:56;    296693;         10;   389,4331;
00:04:57;    297027;         10;   389,8820;
00:04:57;    297360;          0;   390,1385;
00:04:57;    297693;          0;   390,5874;
00:04:58;    298027;          0;   390,9721;
00:04:58;    298360;          0;   391,1004;
00:04:58;    298693;          0;   391,6134;
00:04:59;    299027;         10;   391,7416;
00:04:59;    299360;          0;   392,1905;
00:04:59;    299693;          0;   392,5111;
00:05:00;    300027;          0;   392,7676;
00:05:00;    300360;          0;   393,1524;
00:05:00;    300693;          5;   393,6012;
00:05:01;    301027;          5;   393,6654;
00:05:01;    301360;          5;   394,1142;
00:05:01;    301693;          0;   394,3707;
00:05:02;    302027;          0;   394,6272;
00:05:02;    302360;          5;   395,1402;
00:05:02;    302693;          5;   395,4609;
00:05:03;    303027;          0;   395,7174;
00:05:03;    303360;          5;   396,1662;
00:05:03;    303693;          5;   396,3586;
00:05:04;    304027;          0;   396,6792;
00:05:04;    304360;          0;   397,2564;
00:05:04;    304693;          0;   397,4487;
00:05:05;    305027;         10;   397,5770;
00:05:05;    305360;          0;   398,0258;
00:05:05;    305693;          0;   398,4747;
00:05:06;    306027;          5;   398,8595;
00:05:06;    306360;          0;   399,3083;
00:05:06;    306693;          0;   399,5648;
00:05:07;    307027;          0;   399,7572;
00:05:07;    307360;          0;   400,1420;
00:05:07;    307693;          0;   400,3343;
00:05:08;    308027;          0;   400,5267;
00:05:08;    308360;          5;   400,9756;
00:05:08;    308693;          0;   401,4245;
00:05:09;    309027;          0;   401,7451;
00:05:09;    309360;          0;   402,0657;
00:05:09;    309693;          5;   402,6428;
00:05:10;    310027;          0;   402,8993;
00:05:10;    310360;          0;   403,2841;
00:05:10;    310693;          0;   403,4765;
00:05:11;    311027;          5;   403,8612;
00:05:11;    311360;         10;   404,1818;
00:05:11;    311693;          0;   404,4383;
00:05:12;    312027;          5;   404,7590;
00:05:12;    312360;          0;   404,7590;
00:05:12;    312693;          0;   405,2720;
00:05:13;    313027;          0;   405,7850;
00:05:13;    313360;          0;   406,2979;
00:05:13;    313693;          0;   406,7468;
00:05:14;    314027;          0;   407,0033;
00:05:14;    314360;          5;   407,3239;
00:05:14;    314693;          0;   407,7728;
00:05:15;    315027;          5;   408,0934;
00:05:15;    315360;          0;   408,5423;
00:05:15;    315693;          0;   408,9270;
00:05:16;    316027;          0;   409,1836;
00:05:16;    316360;          5;   409,4401;
00:05:16;    316693;          5;   409,4401;
00:05:17;    317027;         15;   410,0172;
00:05:17;    317360;         10;   410,5302;
00:05:17;    317693;          0;   410,7226;
00:05:18;    318027;          0;   410,9149;
00:05:18;    318360;          0;   411,3638;
00:05:18;    318693;          5;   411,6844;
00:05:19;    319027;          0;   412,0692;
00:05:19;    319360;          5;   412,2616;
00:05:19;    319693;          0;   412,6463;
00:05:20;    320027;          5;   412,7746;
00:05:20;    320360;          0;   412,9669;
00:05:20;    320693;          0;   413,2234;
00:05:21;    321027;         10;   413,5441;
00:05:21;    321360;          0;   414,1853;
00:05:21;    321693;          0;   414,1212;
00:05:22;    322027;          0;   414,6342;
00:05:22;    322360;          0;   415,0189;
00:05:22;    322693;          0;   415,4037;
00:05:23;    323027;          0;   415,4678;
00:05:23;    323360;          0;   415,9166;
00:05:23;    323693;          0;   416,3014;
00:05:24;    324027;          0;   416,6861;
00:05:24;    324360;          0;   416,8785;
00:05:24;    324693;         10;   417,1991;
00:05:25;    325027;          5;   417,5198;
00:05:25;    325360;          0;   417,8404;
00:05:25;    325693;          0;   418,2251;
00:05:26;    326027;          0;   418,4175;
00:05:26;    326360;          0;   418,9946;
00:05:26;    326693;          0;   419,4435;
00:05:27;    327026;          0;   419,7000;
00:05:27;    327360;          0;   420,2130;
00:05:27;    327693;          0;   420,4054;
00:05:28;    328026;          5;   420,7902;
00:05:28;    328360;          0;   421,2390;
00:05:28;    328693;          0;   421,4955;
00:05:29;    329027;          5;   421,9444;
00:05:29;    329360;          0;   422,2009;
00:05:29;    329693;          0;   422,3292;
00:05:30;    330027;          5;   422,6498;
00:05:30;    330360;          5;   423,1628;
00:05:30;    330693;          5;   423,3551;
00:05:31;    331027;          0;   423,8681;
00:05:31;    331360;          0;   424,0605;
00:05:31;    331693;          0;   424,2529;
00:05:32;    332027;          0;   424,8300;
00:05:32;    332360;          0;   425,0865;
00:05:32;    332693;          0;   425,4071;
00:05:33;    333027;          5;   425,7919;
00:05:33;    333360;          5;   426,1125;
00:05:33;    333693;          0;   426,4331;
00:05:34;    334027;          5;   426,8179;
00:05:34;    334360;          5;   427,3309;
00:05:34;    334693;          5;   427,6515;
00:05:35;    335027;          0;   427,9721;
00:05:35;    335360;          0;   428,3569;
00:05:35;    335693;          0;   428,6134;
00:05:36;    336027;          0;   428,9340;
00:05:36;    336360;          5;   429,1264;
00:05:36;    336693;          0;   429,4470;
00:05:37;    337027;          0;   429,7676;
00:05:37;    337360;          0;   430,2165;
00:05:37;    337693;          0;   430,2165;
00:05:38;    338027;          0;   430,5371;
00:05:38;    338360;          5;   430,9219;
00:05:38;    338693;          0;   431,3707;
00:05:39;    339027;          0;   431,5631;
00:05:39;    339360;          5;   432,1402;
00:05:39;    339693;          5;   432,5250;
00:05:40;    340027;          5;   432,7173;
00:05:40;    340360;          0;   432,9738;
00:05:40;    340693;          5;   433,4227;
00:05:41;    341027;          0;   433,6792;
00:05:41;    341360;          0;   433,8075;
00:05:41;    341693;          0;   434,5128;
00:05:42;    342027;          0;   434,8976;
00:05:42;    342360;          0;   435,0900;
00:05:42;    342693;          0;   435,2823;
00:05:43;    343027;          5;   435,6030;
00:05:43;    343360;          0;   435,7312;
00:05:43;    343693;          0;   436,3083;
00:05:44;    344027;         15;   436,5648;
00:05:44;    344360;          0;   436,6931;
00:05:44;    344693;          0;   437,1420;
00:05:45;    345027;          0;   437,5908;
00:05:45;    345360;          0;   437,9756;
00:05:45;    345693;          0;   438,3603;
00:05:46;    346027;          5;   438,7451;
00:05:46;    346360;          5;   439,1298;
00:05:46;    346693;          5;   439,4505;
00:05:47;    347027;          0;   439,5146;
00:05:47;    347360;          0;   439,7711;
00:05:47;    347693;          0;   440,2841;
00:05:48;    348027;          5;   440,6047;
00:05:48;    348360;          0;   440,8612;
00:05:48;    348693;          5;   441,3101;
00:05:49;    349027;          0;   441,3101;
00:05:49;    349360;          0;   441,9513;
00:05:49;    349693;          0;   442,5926;
00:05:50;    350027;          0;   442,6567;
00:05:50;    350360;          0;   443,1056;
00:05:50;    350693;          0;   443,4262;
00:05:51;    351027;          0;   443,7468;
00:05:51;    351360;          5;   444,1316;
00:05:51;    351693;          0;   444,4522;
00:05:52;    352027;          0;   444,6446;
00:05:52;    352360;          0;   445,0934;
00:05:52;    352693;          0;   445,4782;
00:05:53;    353027;         10;   445,7988;
00:05:53;    353360;          5;   445,7988;
00:05:53;    353693;          0;   446,2477;
00:05:54;    354027;          5;   446,5042;
00:05:54;    354360;          0;   446,9531;
00:05:54;    354693;          5;   447,2737;
00:05:55;    355027;          0;   447,5302;
00:05:55;    355360;          0;   447,7867;
00:05:55;    355693;          0;   448,3638;
00:05:56;    356027;          0;   448,6203;
00:05:56;    356360;          0;   448,9409;
00:05:56;    356693;          0;   449,1974;
00:05:57;    357027;          0;   449,5822;
00:05:57;    357360;          0;   449,8387;
00:05:57;    357693;          0;   450,3516;
00:05:58;    358027;          5;   450,6081;
00:05:58;    358360;          0;   450,9288;
00:05:58;    358693;          0;   451,2494;
00:05:59;    359027;          0;   451,5700;
00:05:59;    359360;          0;   451,9548;
00:05:59;    359693;          0;   452,2113;
00:06:00;    360027;          0;   452,6601;
00:06:00;    360360;          0;   452,7884;
00:06:00;    360693;          5;   453,1731;
00:06:01;    361027;          0;   453,3655;
00:06:01;    361360;          0;   453,6862;
00:06:01;    361693;          0;   454,1992;
00:06:02;    362027;          0;   454,7763;
00:06:02;    362360;          0;   454,9045;
00:06:02;    362693;          5;   455,2252;
00:06:03;    363027;          0;   455,6099;
00:06:03;    363360;          5;   455,7382;
00:06:03;    363693;          5;   456,1870;
00:06:04;    364027;          0;   456,5718;
00:06:04;    364360;          0;   456,8283;
00:06:04;    364693;          0;   457,2130;
00:06:05;    365027;          5;   457,5336;
00:06:05;    365360;          0;   457,9825;
00:06:05;    365693;          0;   458,3031;
00:06:06;    366027;          0;   458,6879;
00:06:06;    366360;          0;   458,8161;
00:06:06;    366693;          0;   459,2650;
00:06:07;    367027;          5;   459,7139;
00:06:07;    367360;          0;   459,9062;
00:06:07;    367693;          0;   460,2269;
00:06:08;    368027;          0;   460,3551;
00:06:08;    368360;          0;   460,9964;
00:06:08;    368693;          5;   461,2529;
00:06:09;    369027;          0;   461,6376;
00:06:09;    369360;          0;   461,7659;
00:06:09;    369693;          0;   462,0865;
00:06:10;    370027;          0;   462,4071;
00:06:10;    370360;          0;   462,9842;
00:06:10;    370693;          0;   463,2407;
00:06:11;    371027;          0;   463,5614;
00:06:11;    371360;          5;   463,7537;
00:06:11;    371693;          0;   464,0744;
00:06:12;    372027;          0;   464,3309;
00:06:12;    372360;          0;   464,9080;
00:06:12;    372693;          0;   465,2286;
00:06:13;    373027;          0;   465,4210;
00:06:13;    373360;          0;   465,8057;
00:06:13;    373693;          0;   466,0622;
00:06:14;    374027;          0;   466,5111;
00:06:14;    374360;          0;   466,8317;
00:06:14;    374693;          0;   467,1523;
00:06:15;    375027;          0;   467,7936;
00:06:15;    375360;          0;   467,9860;
00:06:15;    375693;          0;   468,4348;
00:06:16;    376027;          0;   468,5631;
00:06:16;    376360;          0;   468,7555;
00:06:16;    376693;          0;   469,1402;
00:06:17;    377027;          0;   469,2685;
00:06:17;    377360;          0;   469,5891;
00:06:17;    377693;          0;   470,2945;
00:06:18;    378027;          0;   470,4868;
00:06:18;    378360;          0;   470,8716;
00:06:18;    378693;          0;   470,9998;
00:06:19;    379027;          0;   471,4487;
00:06:19;    379360;          0;   471,7693;
00:06:19;    379693;          0;   472,1541;
00:06:20;    380027;          0;   472,3465;
00:06:20;    380360;          5;   472,7312;
00:06:20;    380693;          5;   473,1801;
00:06:21;    381027;          0;   473,5007;
00:06:21;    381360;          5;   473,8855;
00:06:21;    381693;          0;   474,2702;
00:06:22;    382027;          0;   474,3985;
00:06:22;    382360;          5;   475,0397;
00:06:22;    382693;          0;   475,2321;
00:06:23;    383027;          0;   475,4886;
00:06:23;    383360;          5;   475,9374;
00:06:23;    383693;          0;   476,0016;
00:06:24;    384027;          0;   476,2580;
00:06:24;    384360;          0;   476,4504;
00:06:24;    384693;          0;   476,7711;
00:06:25;    385027;          0;   477,1558;
00:06:25;    385360;          0;   477,3482;
00:06:25;    385693;          0;   478,0536;
00:06:26;    386027;          0;   478,8872;
00:06:26;    386360;          5;   479,3361;
00:06:26;    386693;          0;   479,9132;
00:06:27;    387027;          0;   479,8491;
00:06:27;    387360;          0;   480,2338;
00:06:27;    387693;          0;   480,2979;
00:06:28;    388027;          5;   480,5544;
00:06:28;    388360;          0;   481,0033;
00:06:28;    388693;          5;   481,3239;
00:06:29;    389027;          5;   481,5804;
00:06:29;    389360;          0;   481,6446;
00:06:29;    389693;          0;   481,9652;
00:06:30;    390027;          0;   482,4782;
00:06:30;    390360;          0;   482,9270;
00:06:30;    390693;          0;   483,1835;
00:06:31;    391027;          0;   483,5042;
00:06:31;    391360;          0;   483,9530;
00:06:31;    391693;          0;   484,2737;
00:06:32;    392027;          0;   484,4019;
00:06:32;    392360;          0;   485,1073;
00:06:32;    392693;          0;   485,1073;
00:06:33;    393027;          0;   485,3638;
00:06:33;    393360;          0;   485,7485;
00:06:33;    393693;          0;   486,0691;
00:06:34;    394027;          0;   486,4539;
00:06:34;    394360;          0;   486,6463;
00:06:34;    394693;          0;   487,0951;
00:06:35;    395027;          0;   487,4799;
00:06:35;    395360;          0;   487,6723;
00:06:35;    395693;          0;   488,1211;
00:06:36;    396027;          0;   488,3776;
00:06:36;    396360;          0;   488,6983;
00:06:36;    396693;          0;   489,0830;
00:06:37;    397027;          0;   489,4036;
00:06:37;    397360;          0;   489,5960;
00:06:37;    397693;          0;   490,1731;
00:06:38;    398027;          0;   490,4938;
00:06:38;    398360;          5;   490,6220;
00:06:38;    398693;          0;   491,0709;
00:06:39;    399027;          0;   491,3915;
00:06:39;    399360;          0;   491,6480;
00:06:39;    399693;         10;   491,8404;
00:06:40;    400027;          0;   492,0969;
00:06:40;    400360;          0;   492,4816;
00:06:40;    400693;          0;   493,1229;
00:06:41;    401027;          0;   493,5076;
00:06:41;    401360;          0;   493,8282;
00:06:41;    401693;          0;   494,2130;
00:06:42;    402027;          0;   494,4054;
00:06:42;    402360;          0;   494,7260;
00:06:42;    402693;          0;   495,1107;
00:06:43;    403027;          0;   495,4314;
00:06:43;    403360;          0;   495,8802;
00:06:43;    403693;          0;   496,1367;
00:06:44;    404027;          0;   496,3291;
00:06:44;    404360;          0;   496,5856;
00:06:44;    404693;          0;   496,9062;
00:06:45;    405027;          0;   497,1627;
00:06:45;    405360;          0;   497,5475;
00:06:45;    405693;          0;   498,0605;
00:06:46;    406027;          5;   498,1887;
00:06:46;    406360;          5;   498,6376;
00:06:46;    406693;          0;   499,0224;
00:06:47;    407027;          0;   499,2789;
00:06:47;    407360;          0;   499,7277;
00:06:47;    407693;          5;   500,1125;
00:06:48;    408027;          0;   500,4972;
00:06:48;    408360;          0;   500,8820;
00:06:48;    408693;          0;   501,2026;
00:06:49;    409027;          0;   501,3950;
00:06:49;    409360;          0;   501,7797;
00:06:49;    409693;          0;   502,0362;
00:06:50;    410027;          0;   502,4210;
00:06:50;    410360;          0;   502,4851;
00:06:50;    410693;          0;   502,9340;
00:06:51;    411027;          0;   503,2546;
00:06:51;    411360;          0;   503,6393;
00:06:51;    411693;          0;   503,8958;
00:06:52;    412027;          0;   504,3447;
00:06:52;    412360;          0;   504,6012;
00:06:52;    412693;          0;   504,9218;
00:06:53;    413027;          0;   505,3066;
00:06:53;    413360;          0;   505,6913;
00:06:53;    413693;          0;   506,0120;
00:06:54;    414027;          0;   506,5250;
00:06:54;    414360;          0;   506,7173;
00:06:54;    414693;          0;   506,8456;
00:06:55;    415027;          0;   507,2945;
00:06:55;    415360;          0;   507,6151;
00:06:55;    415693;          0;   507,8716;
00:06:56;    416027;          0;   508,1281;
00:06:56;    416360;          0;   508,5770;
00:06:56;    416693;          0;   508,9617;
00:06:57;    417027;          5;   509,1541;
00:06:57;    417360;          0;   509,5388;
00:06:57;    417693;          0;   509,9236;
00:06:58;    418027;          0;   510,3724;
00:06:58;    418360;          5;   510,6289;
00:06:58;    418693;          0;   510,9495;
00:06:59;    419027;          0;   511,4625;
00:06:59;    419360;          0;   511,7190;
00:06:59;    419693;          0;   512,0397;
00:07:00;    420027;          0;   512,4244;
00:07:00;    420360;          0;   512,5527;
00:07:00;    420693;          0;   512,8092;
00:07:01;    421027;          0;   513,1298;
00:07:01;    421360;          0;   513,5787;
00:07:01;    421693;          0;   514,1558;
00:07:02;    422027;          0;   514,7329;
00:07:02;    422360;          0;   514,9253;
00:07:02;    422693;          0;   515,1818;
00:07:03;    423027;          0;   515,5024;
00:07:03;    423360;          0;   515,6948;
00:07:03;    423693;          0;   516,2078;
00:07:04;    424027;          5;   516,4643;
00:07:04;    424360;          0;   516,7849;
00:07:04;    424693;          0;   516,8490;
00:07:05;    425027;          0;   517,2979;
00:07:05;    425360;          0;   517,7468;
00:07:05;    425693;          5;   518,1316;
00:07:06;    426027;          0;   518,4522;
00:07:06;    426360;          0;   518,5804;
00:07:06;    426693;          0;   518,9652;
00:07:07;    427027;          0;   519,4140;
00:07:07;    427360;          0;   519,8629;
00:07:07;    427693;          0;   520,1194;
00:07:08;    428027;          0;   520,4400;
00:07:08;    428360;          0;   520,7606;
00:07:08;    428693;          0;   521,0813;
00:07:09;    429027;          0;   521,4660;
00:07:09;    429360;          0;   521,7866;
00:07:09;    429693;          0;   522,1073;
00:07:10;    430027;          0;   522,2996;
00:07:10;    430360;          0;   522,7485;
00:07:10;    430693;          0;   523,1974;
00:07:11;    431027;          0;   523,3256;
00:07:11;    431360;          0;   523,7745;
00:07:11;    431693;          0;   524,0951;
00:07:12;    432027;          0;   524,4157;
00:07:12;    432360;          0;   524,8005;
00:07:12;    432693;          0;   525,2494;
00:07:13;    433027;          0;   525,3776;
00:07:13;    433360;          5;   525,6341;
00:07:13;    433693;          0;   526,0189;
00:07:14;    434027;          0;   526,4677;
00:07:14;    434360;          0;   526,8525;
00:07:14;    434693;          0;   527,1090;
00:07:15;    435027;          0;   527,6220;
00:07:15;    435360;          0;   527,7503;
00:07:15;    435693;          0;   527,8785;
00:07:16;    436027;          5;   528,2633;
00:07:16;    436360;          5;   528,5839;
00:07:16;    436693;          0;   529,0327;
00:07:17;    437027;          0;   529,5457;
00:07:17;    437360;          0;   529,8023;
00:07:17;    437693;          0;   529,9305;
00:07:18;    438027;          0;   530,3152;
00:07:18;    438360;          0;   530,7641;
00:07:18;    438693;          5;   531,0847;
00:07:19;    439027;          0;   531,3412;
00:07:19;    439360;          0;   531,7901;
00:07:19;    439693;          0;   532,1748;
00:07:20;    440027;          0;   532,6237;
00:07:20;    440360;          0;   532,6878;
00:07:20;    440693;          0;   533,2650;
00:07:21;    441027;          0;   533,3932;
00:07:21;    441360;          0;   533,7780;
00:07:21;    441693;          0;   533,9062;
00:07:22;    442027;          0;   534,2268;
00:07:22;    442360;          0;   534,6116;
00:07:22;    442693;          0;   534,8681;
00:07:23;    443027;          0;   535,2528;
00:07:23;    443360;          0;   535,6376;
00:07:23;    443693;          5;   535,8941;
00:07:24;    444027;          0;   536,2147;
00:07:24;    444360;          5;   536,6636;
00:07:24;    444693;          5;   536,9842;
00:07:25;    445027;          0;   537,4331;
00:07:25;    445360;          5;   537,6255;
00:07:25;    445693;          0;   537,9461;
00:07:26;    446027;          0;   538,2667;
00:07:26;    446360;          0;   538,6515;
00:07:26;    446693;          5;   539,0362;
00:07:27;    447027;          5;   539,5492;
00:07:27;    447360;          0;   539,6775;
00:07:27;    447693;          0;   540,0622;
00:07:28;    448027;          0;   540,4469;
00:07:28;    448360;          0;   540,8317;
00:07:28;    448693;          0;   541,0882;
00:07:29;    449027;          0;   541,4729;
00:07:29;    449360;          0;   541,7295;
00:07:29;    449693;          0;   542,1783;
00:07:30;    450027;          0;   542,4348;
00:07:30;    450360;          0;   542,8195;
00:07:30;    450693;          0;   543,0119;
00:07:31;    451027;          0;   543,3967;
00:07:31;    451360;         10;   543,7815;
00:07:31;    451693;          0;   544,1662;
00:07:32;    452027;          0;   544,5509;
00:07:32;    452360;          5;   544,5509;
00:07:32;    452693;          0;   544,8715;
00:07:33;    453027;          0;   545,3205;
00:07:33;    453360;          0;   545,7052;
00:07:33;    453693;          0;   545,8975;
00:07:34;    454027;          0;   546,2823;
00:07:34;    454360;          0;   546,4747;
00:07:34;    454693;          0;   546,9877;
00:07:35;    455027;          0;   547,4365;
00:07:35;    455360;          0;   547,7572;
00:07:35;    455693;          0;   548,0778;
00:07:36;    456027;          0;   548,3984;
00:07:36;    456360;          0;   548,6549;
00:07:36;    456693;          0;   548,9114;
00:07:37;    457027;          0;   549,0397;
00:07:37;    457360;         10;   549,5527;
00:07:37;    457693;          0;   549,7450;
00:07:38;    458027;          5;   550,3863;
00:07:38;    458360;          0;   550,6428;
00:07:38;    458693;          0;   551,0916;
00:07:39;    459027;          0;   551,4123;
00:07:39;    459360;          0;   551,4764;
00:07:39;    459693;          0;   551,8612;
00:07:40;    460027;          5;   552,2459;
00:07:40;    460360;          0;   552,6306;
00:07:40;    460693;          0;   552,8230;
00:07:41;    461027;          0;   553,1436;
00:07:41;    461360;          0;   553,5284;
00:07:41;    461693;          0;   553,7849;
00:07:42;    462027;          0;   554,2338;
00:07:42;    462360;          0;   554,6185;
00:07:42;    462693;          0;   554,8109;
00:07:43;    463027;          0;   554,9392;
00:07:43;    463360;          0;   555,5804;
00:07:43;    463693;          0;   555,9652;
00:07:44;    464027;          0;   556,2858;
00:07:44;    464360;          0;   556,4781;
00:07:44;    464693;          0;   556,8629;
00:07:45;    465027;          0;   557,1194;
00:07:45;    465360;          0;   557,4400;
00:07:45;    465693;          0;   557,8247;
00:07:46;    466027;          0;   557,8247;
00:07:46;    466360;          0;   558,0171;
00:07:46;    466693;          0;   558,4019;
00:07:47;    467027;          0;   559,1714;
00:07:47;    467360;          0;   559,7485;
00:07:47;    467693;          0;   559,9409;
00:07:48;    468027;          0;   560,2615;
00:07:48;    468360;          0;   560,5180;
00:07:48;    468693;          0;   560,8386;
00:07:49;    469027;          0;   561,2234;
00:07:49;    469360;          0;   561,4799;
00:07:49;    469693;          0;   561,7364;
00:07:50;    470027;          0;   562,1211;
00:07:50;    470360;          0;   562,4417;
00:07:50;    470693;          0;   562,8265;
00:07:51;    471027;          0;   563,1471;
00:07:51;    471360;          0;   563,5319;
00:07:51;    471693;          0;   563,8525;
00:07:52;    472027;          0;   564,2373;
00:07:52;    472360;          5;   564,6220;
00:07:52;    472693;          0;   565,1350;
00:07:53;    473027;          0;   565,0709;
00:07:53;    473360;          0;   565,6480;
00:07:53;    473693;          0;   565,9686;
00:07:54;    474027;          0;   566,1610;
00:07:54;    474360;          0;   566,6098;
00:07:54;    474693;          0;   566,9305;
00:07:55;    475027;          0;   567,1228;
00:07:55;    475360;          0;   567,5717;
00:07:55;    475693;          0;   567,7641;
00:07:56;    476027;          0;   568,2130;
00:07:56;    476360;          0;   568,5977;
00:07:56;    476693;          0;   569,1107;
00:07:57;    477027;          0;   569,3031;
00:07:57;    477360;          0;   569,6878;
00:07:57;    477693;          0;   570,0084;
00:07:58;    478027;          0;   570,0726;
00:07:58;    478360;          5;   570,3291;
00:07:58;    478693;          0;   570,8421;
00:07:59;    479027;          0;   571,1627;
00:07:59;    479360;          0;   571,5474;
00:07:59;    479693;          0;   571,8040;
00:08:00;    480027;          0;   572,2528;
00:08:00;    480360;          0;   572,7658;
00:08:00;    480693;          0;   572,8941;
00:08:01;    481027;          0;   573,3430;
00:08:01;    481360;          0;   573,5995;
00:08:01;    481693;          5;   573,9201;
00:08:02;    482027;          0;   574,2407;
00:08:02;    482360;          0;   574,5613;
00:08:02;    482693;          5;   575,0102;
00:08:03;    483027;          0;   575,2667;
00:08:03;    483360;          0;   575,5873;
00:08:03;    483693;          0;   575,7797;
00:08:04;    484027;          5;   576,2927;
00:08:04;    484360;          5;   576,6133;
00:08:04;    484693;          0;   576,9339;
00:08:05;    485027;          0;   577,3187;
00:08:05;    485360;          0;   577,5111;
00:08:05;    485693;          0;   577,8958;
00:08:06;    486027;          5;   578,0882;
00:08:06;    486360;          0;   578,5371;
00:08:06;    486693;          5;   578,8577;
00:08:07;    487027;          0;   579,1142;
00:08:07;    487360;          0;   579,4348;
00:08:07;    487693;         10;   579,6913;
00:08:08;    488027;          0;   580,3325;
00:08:08;    488360;          0;   580,7814;
00:08:08;    488693;          0;   580,9738;
00:08:09;    489027;          0;   581,1662;
00:08:09;    489360;          0;   581,6151;
00:08:09;    489693;          0;   581,9357;
00:08:10;    490027;          0;   582,2563;
00:08:10;    490360;          0;   582,5769;
00:08:10;    490693;          0;   582,8975;
00:08:11;    491027;          0;   583,1540;
00:08:11;    491360;          0;   583,6670;
00:08:11;    491693;          0;   583,9876;
00:08:12;    492027;          0;   583,9876;
00:08:12;    492360;          0;   584,2442;
00:08:12;    492693;          0;   584,7572;
00:08:13;    493027;          0;   585,0778;
00:08:13;    493360;          0;   585,2702;
00:08:13;    493693;          0;   585,6549;
00:08:14;    494027;          0;   586,1038;
00:08:14;    494360;         10;   586,5526;
00:08:14;    494693;          0;   586,8733;
00:08:15;    495027;          0;   587,1298;
00:08:15;    495360;          5;   587,4504;
00:08:15;    495693;          0;   587,7710;
00:08:16;    496027;          0;   588,0916;
00:08:16;    496360;          0;   588,4123;
00:08:16;    496693;          0;   588,7970;
00:08:17;    497027;          0;   588,9894;
00:08:17;    497360;          0;   589,3100;
00:08:17;    497693;          0;   589,5665;
00:08:18;    498027;          0;   590,0154;
00:08:18;    498360;          5;   590,4002;
00:08:18;    498693;          0;   590,6566;
00:08:19;    499027;          0;   591,1696;
00:08:19;    499360;          5;   591,5544;
00:08:19;    499693;          0;   592,0674;
00:08:20;    500027;          0;   592,5163;
00:08:20;    500360;          0;   592,8369;
00:08:20;    500693;          0;   593,0934;
00:08:21;    501027;          0;   593,4781;
00:08:21;    501360;          0;   593,5423;
00:08:21;    501693;          5;   593,9911;
00:08:22;    502027;          5;   594,2476;
00:08:22;    502360;          0;   594,3759;
00:08:22;    502693;          0;   594,8889;
00:08:23;    503027;          0;   595,1453;
00:08:23;    503360;          0;   595,4660;
00:08:23;    503693;          0;   595,7225;
00:08:24;    504027;          5;   596,0431;
00:08:24;    504360;          0;   596,3637;
00:08:24;    504693;          0;   596,8767;
00:08:25;    505027;          0;   597,1974;
00:08:25;    505360;          0;   597,5821;
00:08:25;    505693;          0;   597,8386;
00:08:26;    506027;          0;   598,0310;
00:08:26;    506360;          0;   598,4157;
00:08:26;    506693;          0;   598,6722;
00:08:27;    507027;          0;   598,9929;
00:08:27;    507360;          0;   599,3776;
00:08:27;    507693;          0;   599,6341;
00:08:28;    508027;          0;   600,0830;
00:08:28;    508360;          0;   600,2112;
00:08:28;    508693;          0;   600,5318;
00:08:29;    509027;          0;   600,8525;
00:08:29;    509360;          0;   601,1731;
00:08:29;    509693;          0;   601,6220;
00:08:30;    510027;          0;   601,7502;
00:08:30;    510360;          0;   602,3274;
00:08:30;    510693;          0;   602,5838;
00:08:31;    511027;          5;   603,1610;
00:08:31;    511360;          0;   603,5457;
00:08:31;    511693;          0;   603,7381;
00:08:32;    512027;          0;   603,9304;
00:08:32;    512360;          0;   604,3794;
00:08:32;    512693;          0;   604,4434;
00:08:33;    513027;          0;   604,8924;
00:08:33;    513360;          0;   605,2130;
00:08:33;    513693;          0;   605,5336;
00:08:34;    514027;          0;   605,9824;
00:08:34;    514360;         10;   606,0466;
00:08:34;    514693;          0;   606,3031;
00:08:35;    515027;          0;   606,6878;
00:08:35;    515360;          0;   607,2008;
00:08:35;    515693;          0;   607,5856;
00:08:36;    516027;         10;   607,7780;
00:08:36;    516360;          0;   608,0344;
00:08:36;    516693;          0;   608,3551;
00:08:37;    517027;          0;   608,6757;
00:08:37;    517360;          0;   608,8039;
00:08:37;    517693;          0;   609,4452;
00:08:38;    518027;          5;   609,6376;
00:08:38;    518360;          0;   609,8299;
00:08:38;    518693;          0;   610,0864;
00:08:39;    519027;          0;   610,4071;
00:08:39;    519360;          0;   610,8559;
00:08:39;    519693;          0;   611,1765;
00:08:40;    520027;          0;   611,3048;
00:08:40;    520360;          0;   611,6895;
00:08:40;    520693;          0;   611,9461;
00:08:41;    521027;          5;   612,3949;
00:08:41;    521360;          0;   612,9721;
00:08:41;    521693;          0;   613,4851;
00:08:42;    522027;          0;   613,6133;
00:08:42;    522360;          0;   613,9339;
00:08:42;    522693;          0;   614,6393;
00:08:43;    523027;          0;   614,7035;
00:08:43;    523360;          0;   615,0882;
00:08:43;    523693;          0;   615,2805;
00:08:44;    524027;          0;   615,7294;
00:08:44;    524360;          0;   615,9859;
00:08:44;    524693;          0;   616,3707;
00:08:45;    525027;          5;   616,8195;
00:08:45;    525360;          0;   617,0760;
00:08:45;    525693;          0;   617,3967;
00:08:46;    526027;          0;   617,6532;
00:08:46;    526360;          0;   617,9738;
00:08:46;    526693;          0;   618,3585;
00:08:47;    527027;          0;   618,8715;
00:08:47;    527360;          0;   619,0639;
00:08:47;    527693;          0;   619,3204;
00:08:48;    528027;          0;   619,6410;
00:08:48;    528360;          0;   619,9616;
00:08:48;    528693;          0;   620,1540;
00:08:49;    529027;          0;   620,6029;
00:08:49;    529360;          0;   620,7953;
00:08:49;    529693;          0;   621,1159;
00:08:50;    530027;          0;   621,4365;
00:08:50;    530360;          0;   621,7572;
00:08:50;    530693;          0;   622,2060;
00:08:51;    531027;          5;   622,5908;
00:08:51;    531360;          0;   622,9755;
00:08:51;    531693;          0;   623,1679;
00:08:52;    532027;          0;   623,3603;
00:08:52;    532360;          0;   623,7450;
00:08:52;    532693;          0;   624,1298;
00:08:53;    533027;          5;   624,7069;
00:08:53;    533360;          0;   624,8351;
00:08:53;    533693;          0;   625,1558;
00:08:54;    534027;          0;   625,4764;
00:08:54;    534360;          0;   625,7970;
00:08:54;    534693;          0;   626,1818;
00:08:55;    535027;          0;   626,4383;
00:08:55;    535360;          0;   626,6947;
00:08:55;    535693;          5;   627,0154;
00:08:56;    536027;          0;   627,3360;
00:08:56;    536360;          0;   627,7849;
00:08:56;    536693;          0;   628,1696;
00:08:57;    537027;          0;   628,5543;
00:08:57;    537360;          0;   628,8750;
00:08:57;    537693;          0;   629,2597;
00:08:58;    538027;          0;   629,3239;
00:08:58;    538360;          0;   629,7086;
00:08:58;    538693;          5;   629,9651;
00:08:59;    539027;          0;   630,2857;
00:08:59;    539360;          0;   630,6063;
00:08:59;    539693;          0;   631,0553;
00:09:00;    540027;          0;   631,4400;
00:09:00;    540360;          0;   631,7606;
00:09:00;    540693;          0;   632,0171;
00:09:01;    541027;          0;   632,2736;
00:09:01;    541360;          0;   632,6583;
00:09:01;    541693;          0;   632,9149;
00:09:02;    542027;          0;   633,2996;
00:09:02;    542360;          0;   633,5561;
00:09:02;    542693;          0;   634,0691;
00:09:03;    543027;          0;   634,1974;
00:09:03;    543360;          0;   634,4539;
00:09:03;    543693;          0;   634,8386;
00:09:04;    544027;          0;   635,2875;
00:09:04;    544360;          0;   635,4798;
00:09:04;    544693;          0;   635,9287;
00:09:05;    545027;          0;   636,2494;
00:09:05;    545360;          0;   636,5058;
00:09:05;    545693;          0;   636,8906;
00:09:06;    546027;          0;   637,3394;
00:09:06;    546360;          0;   637,5318;
00:09:06;    546693;          0;   637,9166;
00:09:07;    547027;          0;   638,1731;
00:09:07;    547360;          0;   638,6220;
00:09:07;    547693;          0;   638,9426;
00:09:08;    548027;          0;   639,1350;
00:09:08;    548360;          0;   639,5838;
00:09:08;    548693;          0;   639,8404;
00:09:09;    549027;          0;   640,0327;
00:09:09;    549360;          0;   640,5457;
00:09:09;    549693;          0;   640,8664;
00:09:10;    550027;          0;   641,2511;
00:09:10;    550360;          0;   641,5076;
00:09:10;    550693;          0;   641,8282;
00:09:11;    551027;          0;   642,0206;
00:09:11;    551360;          0;   642,4053;
00:09:11;    551693;          5;   642,5977;
00:09:12;    552027;          0;   642,9824;
00:09:12;    552360;          5;   643,2389;
00:09:12;    552693;          0;   643,4313;
00:09:13;    553027;          0;   643,8802;
00:09:13;    553360;          0;   644,1367;
00:09:13;    553693;          0;   644,4573;
00:09:14;    554027;          0;   644,7779;
00:09:14;    554360;          0;   645,0985;
00:09:14;    554693;          0;   645,4192;
00:09:15;    555027;          0;   645,8681;
00:09:15;    555360;          0;   646,1887;
00:09:15;    555693;          0;   646,5093;
00:09:16;    556027;          5;   646,7017;
00:09:16;    556360;          0;   647,0223;
00:09:16;    556693;          0;   647,3429;
00:09:17;    557027;          0;   647,5995;
00:09:17;    557360;          0;   647,9201;
00:09:17;    557693;          0;   648,3048;
00:09:18;    558027;          5;   648,5613;
00:09:18;    558360;          0;   648,9461;
00:09:18;    558693;          0;   649,3308;
00:09:19;    559027;          0;   649,5873;
00:09:19;    559360;          5;   649,9079;
00:09:19;    559693;          0;   650,2285;
00:09:20;    560027;          0;   650,6133;
00:09:20;    560360;          0;   650,8057;
00:09:20;    560693;          5;   651,1263;
00:09:21;    561027;          0;   651,7034;
00:09:21;    561360;          0;   651,8958;
00:09:21;    561693;          0;   652,1523;
00:09:22;    562027;          0;   652,4088;
00:09:22;    562360;          0;   652,7935;
00:09:22;    562693;          0;   653,1783;
00:09:23;    563027;          0;   653,4989;
00:09:23;    563360;          0;   653,9478;
00:09:23;    563693;          0;   654,0119;
00:09:24;    564027;          0;   654,3966;
00:09:24;    564360;          0;   654,7814;
00:09:24;    564693;          0;   655,1020;
00:09:25;    565027;          5;   655,3585;
00:09:25;    565360;          0;   655,7432;
00:09:25;    565693;          0;   655,8715;
00:09:26;    566027;          0;   656,1922;
00:09:26;    566360;          0;   656,5128;
00:09:26;    566693;          0;   656,8334;
00:09:27;    567027;          0;   657,1540;
00:09:27;    567360;          0;   657,4105;
00:09:27;    567693;          0;   657,7312;
00:09:28;    568027;          0;   658,1159;
00:09:28;    568360;          0;   658,5648;
00:09:28;    568693;          0;   658,9495;
00:09:29;    569027;          0;   659,2060;
00:09:29;    569360;          0;   659,6549;
00:09:29;    569693;          5;   659,7831;
00:09:30;    570027;          0;   660,1679;
00:09:30;    570360;          0;   660,5526;
00:09:30;    570693;          0;   660,8733;
00:09:31;    571027;          0;   661,0656;
00:09:31;    571360;          0;   661,3863;
00:09:31;    571693;          0;   661,5786;
00:09:32;    572027;          0;   661,9634;
00:09:32;    572360;          0;   662,2840;
00:09:32;    572693;          0;   662,4763;
00:09:33;    573027;          0;   662,7970;
00:09:33;    573360;          0;   663,1176;
00:09:33;    573693;          0;   663,5023;
00:09:34;    574027;          0;   663,8871;
00:09:34;    574360;          0;   664,3360;
00:09:34;    574693;          0;   664,5283;
00:09:35;    575027;          0;   664,7207;
00:09:35;    575360;          0;   665,2337;
00:09:35;    575693;          0;   665,4261;
00:09:36;    576027;          0;   665,6185;
00:09:36;    576360;          0;   665,8750;
00:09:36;    576693;          0;   665,9391;
00:09:37;    577027;          0;   666,3239;
00:09:37;    577360;          0;   666,2597;
00:09:37;    577693;          0;   666,8369;
00:09:38;    578027;          0;   667,7987;
00:09:38;    578360;          0;   668,0552;
00:09:38;    578693;          5;   668,3117;
00:09:39;    579027;          0;   668,3759;
00:09:39;    579360;          0;   668,7606;
00:09:39;    579693;          0;   669,0812;
00:09:40;    580027;          0;   669,4018;
00:09:40;    580360;          0;   669,4660;
00:09:40;    580693;          0;   669,8507;
00:09:41;    581027;          0;   670,1713;
00:09:41;    581360;          5;   670,4920;
00:09:41;    581693;          0;   670,8126;
00:09:42;    582027;          0;   671,0050;
00:09:42;    582360;          0;   671,1974;
00:09:42;    582693;          0;   671,7104;
00:09:43;    583027;          5;   671,9027;
00:09:43;    583360;          0;   672,2874;
00:09:43;    583693;          0;   672,4798;
00:09:44;    584027;          0;   672,8004;
00:09:44;    584360;          0;   673,0570;
00:09:44;    584693;          0;   673,1211;
00:09:45;    585027;          0;   673,5700;
00:09:45;    585360;          0;   673,8264;
00:09:45;    585693;          0;   674,0830;
00:09:46;    586027;          0;   674,5960;
00:09:46;    586360;          0;   674,6601;
00:09:46;    586693;          0;   674,9166;
00:09:47;    587027;          0;   675,2372;
00:09:47;    587360;          5;   675,4937;
00:09:47;    587693;          0;   675,8784;
00:09:48;    588027;          0;   676,2632;
00:09:48;    588360;          5;   676,5197;
00:09:48;    588693;          0;   676,6480;
00:09:49;    589027;          0;   676,8403;
00:09:49;    589360;          0;   677,2251;
00:09:49;    589693;          0;   677,4174;
00:09:50;    590027;          0;   677,8663;
00:09:50;    590360;          0;   678,0587;
00:09:50;    590693;          0;   678,1869;
00:09:51;    591027;          0;   678,4434;
00:09:51;    591360;          0;   678,6358;
00:09:51;    591693;          0;   678,9564;
00:09:52;    592027;          0;   679,2771;
00:09:52;    592360;          0;   679,5335;
00:09:52;    592693;          0;   679,7259;
00:09:53;    593027;          0;   680,0465;
00:09:53;    593360;          0;   680,3031;
00:09:53;    593693;          0;   680,4313;
00:09:54;    594027;          5;   680,8161;
00:09:54;    594360;          0;   681,0084;
00:09:54;    594693;          0;   681,3291;
00:09:55;    595027;          0;   681,3291;
00:09:55;    595360;          0;   681,5855;
00:09:55;    595693;          0;   681,9703;
00:09:56;    596027;          0;   682,2909;
00:09:56;    596360;          0;   682,4192;
00:09:56;    596693;          0;   682,7398;
00:09:57;    597027;          0;   682,8039;
00:09:57;    597360;          0;   682,9322;
00:09:57;    597693;          0;   683,1245;
00:09:58;    598027;          0;   683,5093;
00:09:58;    598360;          0;   683,6375;
00:09:58;    598693;          0;   683,8941;
00:09:59;    599027;          5;   684,1505;
00:09:59;    599360;          0;   684,2147;
00:09:59;    599693;          5;   684,4071;
00:10:00;    600027;          0;   684,5353;
00:10:00;    600360;          0;   684,7918;
00:10:00;    600693;          0;   685,1124;
00:10:01;    601027;          0;   685,3048;
00:10:01;    601360;          0;   685,3689;
00:10:01;    601693;          0;   685,6254;
00:10:02;    602027;          0;   685,6895;
00:10:02;    602360;          0;   685,8819;
00:10:02;    602693;          0;   686,6514;
00:10:03;    603027;          0;   687,9339;
00:10:03;    603360;          0;   689,5370;
00:10:03;    603693;          0;   691,6532;
00:10:04;    604027;          0;   693,5769;
00:10:04;    604360;          5;   695,6289;
00:10:04;    604693;          0;   697,1679;
00:10:05;    605027;          5;   698,5786;
00:10:05;    605360;          0;   699,8611;
00:10:05;    605693;          0;   701,0795;
00:10:06;    606027;          0;   702,1696;
00:10:06;    606360;          0;   703,1956;
00:10:06;    606693;          5;   704,0933;
00:10:07;    607027;          5;   704,7987;
00:10:07;    607360;          0;   705,3758;
00:10:07;    607693;          0;   705,9530;
00:10:08;    608027;          0;   706,4018;
00:10:08;    608360;          0;   706,9790;
00:10:08;    608693;          0;   707,4278;
00:10:09;    609027;          0;   707,8126;
00:10:09;    609360;          0;   708,1974;
00:10:09;    609693;          5;   708,5180;
00:10:10;    610027;          0;   708,7744;
00:10:10;    610360;          0;   708,9027;
00:10:10;    610693;          0;   709,0951;
00:10:11;    611027;          0;   709,3516;
00:10:11;    611360;          0;   709,6722;
00:10:11;    611693;          0;   710,1211;
00:10:12;    612027;          0;   710,0570;
00:10:12;    612360;          0;   710,2493;
00:10:12;    612693;          5;   710,3776;
00:10:13;    613027;          0;   710,4417;
00:10:13;    613360;          0;   711,0188;
00:10:13;    613693;          0;   710,9547;
00:10:14;    614027;          5;   711,2112;
00:10:14;    614360;          0;   711,2753;
00:10:14;    614693;          0;   711,5318;
